ID,ACCOUNT,ADDRESS_LINE_1,ADDRESS_LINE_2,ADDRESS_LINE_3,TOWN,POSTCODE,WEB
"0010P000026DlPXQA0","Cake Wealth Management","Stoneholme Business Centre
42 High Street",,,"Bury","BL8 3AN",
"0010P000026DlXXQA0","Arquitis Financial Management","Frampton House",,,"Stroud","GL6 8JB",
"0010P000026DlSSQA0","Mike MacKenzie","Chancellor Court
21 The Calls",,,"Leeds","LS2 7EH","http://wwwmikemackenzie.co.uk"
"0010P000026DlW2QAK","Andrew Falcon Financial Management","26-28 Hammersmith Grove",,,"London","W6 7BA","http://www.affml.com/"
"0010P000020oaeDQAQ","Linear Investments","8-10 WINDSOR GARDENS",,"BELGRAVIA","LONDON","SW1W 0DH","https://linear.com/"
"0010P000026DlhkQAC","CBK (Wales)","Henley House","The Queensway",,"Swansea","SA5 4DJ",
"0010P000026DlyfQAC","Zebra Wealth Management","Exchange Station, Tithebarn Street",,,"Liverpool","L2 2QP","http://www.zebra.co.uk"
"0010P000026Dm2yQAC","Grovewood Investment Services","Grovewood House
Bolter End Lane",,,"High Wycombe","HP14 3LU",
"0010P000026DliJQAS","Chalfont Investment Consultants","6 Station Road",,,"Gerrards Cross","SL14 9RE","http://www.chalfontconsultants.co.uk"
"0010P000026DmK8QAK","Lotus Wealth Consultants","Devonshire House","582 Honeypot Lane",,"Stanmore","HA7 1JS","http://www.lotuscon.com"
